,ZIP Code,Household_Income_at_Age_35_rP_gP_pall,Incarceration_Rate_rP_gP_pall,Individual_Income_Excluding_Spouse_at_Age_35_rP_gP_pall,Fraction_Married_at_Age_35_rP_gP_pall,Spouse's_Income_at_Age_35_rP_gP_pall,Employment_Rate_at_Age_35_rP_gP_pall,Frac._in_Top_20%_Based_on_Household_Income_rP_gP_pall,Frac._in_Top_20%_Based_on_Indiv_Income_rP_gP_pall,%_Staying_in_Same_Commuting_Zone_as_Adults_rP_gP_pall,%_Staying_in_Same_Tract_as_Adults_rP_gP_pall,Household_Income_Stayed_in_Commuting_Zone_rP_gP_pall,Individual_Income_Stayed_in_Commuting_Zone_rP_gP_pall,Number_of_Children_rP_gP_pall,kfr_rP_gP_pall,two_par_rP_gP_pall,married_26_rP_gP_pall,married_24_rP_gP_pall,married_29_rP_gP_pall,kir_24_rP_gP_pall,kir_26_rP_gP_pall,working_rP_gP_pall,frac_years_xw_rP_gP_pall,kir_29_rP_gP_pall,working_32_rP_gP_pall,staytract_rP_gP_pall,kfr_26_rP_gP_pall,kfr_24_rP_gP_pall,kir_rP_gP_pall,spouse_rank_rP_gP_pall,staycz_rP_gP_pall,kfr_29_rP_gP_pall,stayhome_rP_gP_pall,kfr_staycz_rP_gP_pall,has_dad_rP_gP_pall,par_rank_rP_gP_pall,kfr_top20_rP_gP_pall,lowpov_nbhd_rP_gP_pall,kir_top20_rP_gP_pall,kir_staycz_rP_gP_pall,married_32_rP_gP_pall,count_rP_gP_pall,working_29_rP_gP_pall,frac_below_med_rP_gP_pall,married_rP_gP_pall,working_24_rP_gP_pall,working_26_rP_gP_pall,jail_rP_gP_pall,has_mom_rP_gP_pall,median_rent2016,nonwhite_share2010,mail_return_rate2010,med_hhinc1990_real,lfp2010,job_density_2013,foreign_share2016,popdensity2010,traveltime15_2016,poor_share2016,ann_avg_job_growth_2004_2013,pop2010,singleparent_share2016,unemp2015,hhinc_mean2010,med_hhinc2010,frac_coll_plus2016,med_hhinc2016_real,violent_crime_rate,wtd_avg_mean_income,HI_0_5000,HI_100000_149999,HI_10000_14999,HI_150000_more,HI_15000_19999,HI_20000_24999,HI_25000_34999,HI_35000_49999,HI_50000_74999,HI_5000_9999,HI_75000_99999,MHCP_20_29,MHCP_30_more,MHCP_less_20,MHC_0_300,MHC_1000_1499,MHC_1500_1999,MHC_2000_2499,MHC_2500_2999,MHC_3000_more,MHC_300_499,MHC_500_799,MHC_800_999,Violent Crime Level
0,60656,61941.0,0.017,36484.0,0.5307,52629.0,0.8035,0.3909,0.3343,0.8621,0.243,64241.0,38267.0,300.0,61941.0,0.8392,0.1677,0.0816,0.3889,0.5495,0.6036,0.8035,0.6686,0.588,0.819,0.243,0.5756,0.5603,36484.0,52629.0,0.8621,0.5977,0.2079,64241.0,0.9393,85345.0,0.3909,0.8787,0.3343,38267.0,0.5107,300.0,0.8211,0.2256,0.5307,0.7776,0.8311,0.017,0.9004,1092.0,0.0896,85.2,64576.0,0.565,373.2,0.2761,952.3,0.0836,0.1011,0.1737,2276.0,0.2157,0.0785,71417.0,52083.0,0.3127,55222.0,26.710097719869708,61722.40756604873,226.0,2560.0,357.0,2700.0,384.0,356.0,1071.0,989.0,2221.0,90.0,1570.0,18.0,891.0,14.0,66.0,4187.0,2339.0,1026.0,976.0,704.0,536.0,1125.0,1393.0,Low
1,60804,39279.0,0.0024,30380.0,0.3588,40678.0,0.789,0.14,0.1846,0.8447,0.3222,38696.0,30292.0,389.0,39279.0,0.6548,0.214,0.1389,0.2426,0.4968,0.5102,0.789,0.6055,0.5004,0.8132,0.3222,0.4748,0.4818,30380.0,40678.0,0.8447,0.4663,0.3391,38696.0,0.7722,48097.0,0.14,0.3929,0.1846,30292.0,0.3068,389.0,0.8083,0.6159,0.3588,0.833,0.8196,0.0024,0.8833,908.0,0.8724,79.6,49164.0,0.5405,3876.0,0.3731,5538.0,0.1191,0.1133,0.102,1473.0,0.3011,0.0831,48229.0,23500.0,0.1454,59870.0,40.0,56372.24139983765,845.0,3728.0,1018.0,2631.0,497.0,764.0,2517.0,3282.0,5463.0,262.0,3593.0,127.0,1819.0,10.0,434.0,8028.0,3910.0,2265.0,560.0,265.0,870.0,3402.0,4459.0,High
2,60661,44874.0,0.0037,32071.0,0.3635,51639.0,0.772,0.3127,0.2661,0.5938,0.0965,43159.0,30930.0,196.0,44874.0,0.4129,0.1454,0.0772,0.2332,0.4622,0.5121,0.772,0.291,0.5396,0.8014,0.0965,0.4782,0.4715,32071.0,51639.0,0.5938,0.5035,0.0809,43159.0,0.6055,62044.0,0.3127,0.4506,0.2661,30930.0,0.3402,196.0,0.7673,0.5023,0.3635,0.7832,0.7801,0.0037,0.8085,1700.0,0.4808,72.6,65346.0,0.775,156083.0,0.4869,28663.0,0.3709,0.1958,0.0297,4844.0,0.1223,0.0623,97697.0,80720.0,0.9302,84099.0,16.21852326077678,116498.53856070372,310.0,1491.0,73.0,3468.0,48.0,50.0,189.0,275.0,647.0,46.0,637.0,69.0,273.0,7.0,76.0,280.0,1223.0,2177.0,1543.0,1704.0,0.0,61.0,53.0,Low
3,60617,45523.0,0.0066,31128.0,0.4332,41132.0,0.775,0.2344,0.2245,0.6315,0.2497,43724.0,31815.0,1721.0,45523.0,0.6951,0.2491,0.1713,0.3664,0.5021,0.5119,0.775,0.5642,0.5114,0.7307,0.2497,0.5116,0.5189,31128.0,41132.0,0.6315,0.52,0.1942,43724.0,0.8223,59396.0,0.2344,0.4521,0.2245,31815.0,0.4221,1721.0,0.753,0.4592,0.4332,0.7983,0.7871,0.0066,0.8732,861.0,0.568,79.9,51614.0,0.5766,732.3,0.1532,2395.0,0.1842,0.2139,0.0834,6628.0,0.4411,0.0956,72552.0,52383.0,0.161,51831.0,36.69686117547925,43902.2307263435,1368.0,4414.0,2222.0,2803.0,1671.0,1745.0,3261.0,3673.0,4413.0,1008.0,3728.0,395.0,4970.0,221.0,1379.0,8891.0,4006.0,1348.0,238.0,253.0,3022.0,5818.0,4886.0,High
4,60613,38137.0,0.0033,29440.0,0.3769,39651.0,0.7617,0.1369,0.1731,0.7911,0.1227,39732.0,32891.0,371.0,38137.0,0.4816,0.1612,0.1363,0.2571,0.5082,0.4741,0.7617,0.4297,0.4971,0.7166,0.1227,0.4505,0.4788,29440.0,39651.0,0.7911,0.4532,0.196,39732.0,0.7103,41595.0,0.1369,0.4395,0.1731,32891.0,0.3449,371.0,0.8005,0.7093,0.3769,0.8106,0.7931,0.0033,0.7721,1019.0,0.3028,80.4,41502.0,0.8795,28492.0,0.1014,18392.0,0.0482,0.0694,0.0289,2391.0,0.0437,0.0527,77184.0,51858.0,0.634,60510.0,25.86815773984697,99454.45374353115,815.0,4759.0,1125.0,8167.0,578.0,487.0,1497.0,2276.0,4266.0,332.0,4135.0,369.0,2115.0,66.0,841.0,6071.0,6867.0,4453.0,2489.0,4206.0,494.0,860.0,1940.0,Low
5,60633,31439.0,0.029,25428.0,0.2428,39112.0,0.753,0.0957,0.1646,0.614,0.2183,29859.0,25528.0,1149.0,31439.0,0.4521,0.1396,0.0978,0.2063,0.4429,0.4549,0.753,0.5583,0.462,0.7557,0.2183,0.4152,0.4297,25428.0,39112.0,0.614,0.4178,0.204,29859.0,0.6149,50890.0,0.0957,0.2784,0.1646,25528.0,0.2434,1149.0,0.7368,0.5592,0.2428,0.7731,0.7727,0.029,0.8367,936.0,0.8267,77.5,66727.0,0.5785,268.3,0.1078,2253.0,0.157,0.234,-0.0402,4206.0,0.6187,0.2082,50277.0,38715.0,0.1243,43499.0,33.50785340314136,52321.11096292345,329.0,722.0,215.0,630.0,432.0,124.0,707.0,421.0,837.0,50.0,484.0,42.0,646.0,8.0,102.0,1527.0,696.0,325.0,75.0,4.0,436.0,1077.0,500.0,High
6,60615,71153.0,0.0029,43677.0,0.5162,53384.0,0.7919,0.5046,0.4804,0.5713,0.1009,67360.0,45282.0,317.0,71153.0,0.8456,0.1347,0.0615,0.2409,0.6238,0.5936,0.7919,0.6959,0.5914,0.7767,0.1009,0.5366,0.5431,43677.0,53384.0,0.5713,0.5737,0.0696,67360.0,0.8769,109432.0,0.5046,0.3839,0.4804,45282.0,0.4388,317.0,0.7924,0.1338,0.5162,0.8622,0.7803,0.0029,0.9674,1316.0,0.3262,86.4,70671.0,0.6416,1477.0,0.1758,10581.0,0.342,0.2322,-0.0066,1640.0,0.24,0.0304,127405.0,61250.0,0.8689,81637.0,29.93894993894994,61081.71002033239,1862.0,3193.0,1253.0,3417.0,1190.0,835.0,1400.0,2969.0,2826.0,1051.0,2494.0,363.0,3851.0,158.0,949.0,5794.0,5123.0,3207.0,1291.0,1703.0,822.0,1473.0,1949.0,Low
7,60608,30255.0,0.0245,23038.0,0.297,34493.0,0.6879,0.0768,0.1315,0.872,0.3086,32808.0,25093.0,1793.0,30255.0,0.4904,0.2149,0.1824,0.2692,0.4354,0.4305,0.6879,0.4768,0.4527,0.6871,0.3086,0.4188,0.435,23038.0,34493.0,0.872,0.4175,0.2459,32808.0,0.7345,32083.0,0.0768,0.2528,0.1315,25093.0,0.2723,1793.0,0.7017,0.8278,0.297,0.6826,0.68,0.0245,0.7557,747.0,0.9696,62.5,37148.0,0.6055,1758.0,0.3318,21570.0,0.0822,0.353,-0.0404,4012.0,0.7065,0.2192,48014.0,36518.0,0.1262,26046.0,33.532934131736525,60401.17308274725,1422.0,4852.0,1501.0,4615.0,1127.0,1523.0,2295.0,3242.0,4728.0,424.0,3352.0,295.0,3492.0,58.0,770.0,8395.0,5040.0,2712.0,1381.0,1545.0,1439.0,3616.0,3683.0,High
8,60604,45875.0,0.0016,32902.0,0.3985,42658.0,0.6748,0.2933,0.3402,0.5819,0.142,41113.0,29274.0,29.0,45875.0,0.7093,0.1177,0.0556,0.2569,0.5661,0.4708,0.6748,0.3784,0.5431,0.6508,0.142,0.4479,0.495,32902.0,42658.0,0.5819,0.5022,0.1166,41113.0,0.8605,90004.0,0.2933,0.3773,0.3402,29274.0,0.3251,29.0,0.7518,0.1949,0.3985,0.8902,0.7914,0.0016,0.8486,2215.0,0.3372,82.2,9723.0,0.5971,89621.0,0.2077,8096.0,0.4092,0.1178,-0.0019,2518.0,0.0,0.0943,127549.0,78452.0,0.8633,157595.0,28.471937730438345,188976.17161716172,78.0,20.0,0.0,139.0,0.0,0.0,17.0,36.0,71.0,0.0,91.0,0.0,29.0,0.0,0.0,34.0,108.0,144.0,23.0,105.0,0.0,26.0,0.0,Low
9,60644,20298.0,0.0516,18968.0,0.0712,34983.0,0.7444,0.0216,0.0912,0.7602,0.1906,22872.0,21528.0,1695.0,20298.0,0.1719,0.0546,0.0421,0.0634,0.3775,0.3681,0.7444,0.4996,0.3722,0.7348,0.1906,0.3143,0.335,18968.0,34983.0,0.7602,0.3096,0.1993,22872.0,0.367,30017.0,0.0216,0.1929,0.0912,21528.0,0.0767,1695.0,0.6984,0.875,0.0712,0.7153,0.7195,0.0516,0.8045,914.0,0.9929,65.7,48140.0,0.5641,1516.0,0.058,19618.0,0.1023,0.3091,0.0333,3649.0,0.6233,0.111,37276.0,28150.0,0.1067,33606.0,38.78263297501047,37293.0474419397,173.0,904.0,182.0,676.0,151.0,291.0,468.0,516.0,1124.0,40.0,732.0,0.0,464.0,0.0,176.0,1056.0,981.0,904.0,290.0,287.0,266.0,847.0,450.0,High
10,60644,20298.0,0.0516,18968.0,0.0712,34983.0,0.7444,0.0216,0.0912,0.7602,0.1906,22872.0,21528.0,1695.0,20298.0,0.1719,0.0546,0.0421,0.0634,0.3775,0.3681,0.7444,0.4996,0.3722,0.7348,0.1906,0.3143,0.335,18968.0,34983.0,0.7602,0.3096,0.1993,22872.0,0.367,30017.0,0.0216,0.1929,0.0912,21528.0,0.0767,1695.0,0.6984,0.875,0.0712,0.7153,0.7195,0.0516,0.8045,914.0,0.9929,65.7,48140.0,0.5641,1516.0,0.058,19618.0,0.1023,0.3091,0.0333,3649.0,0.6233,0.111,37276.0,28150.0,0.1067,33606.0,38.78263297501047,37293.0474419397,1545.0,630.0,2137.0,203.0,1201.0,1197.0,1079.0,1872.0,1792.0,935.0,709.0,164.0,4482.0,98.0,491.0,5212.0,1820.0,359.0,28.0,34.0,675.0,1331.0,2870.0,High
11,60647,33326.0,0.0009,24242.0,0.3854,40084.0,0.7076,0.1438,0.1288,0.801,0.2342,35724.0,25887.0,161.0,33326.0,0.6192,0.2176,0.1754,0.3163,0.4841,0.4845,0.7076,0.4297,0.4525,0.7327,0.2342,0.4909,0.4886,24242.0,40084.0,0.801,0.4328,0.246,35724.0,0.8202,61970.0,0.1438,0.5112,0.1288,25887.0,0.2893,161.0,0.7358,0.528,0.3854,0.8799,0.8213,0.0009,0.8019,1474.0,0.1989,77.5,43537.0,0.8462,9859.0,0.1311,20578.0,0.1561,0.0473,0.0206,1317.0,0.1429,0.0549,144287.0,96477.0,0.82,105389.0,28.006236601052425,100701.48590329384,879.0,6817.0,1646.0,11602.0,849.0,1222.0,2112.0,2437.0,5329.0,454.0,4277.0,261.0,2948.0,0.0,656.0,7671.0,7547.0,5865.0,4110.0,6885.0,898.0,1664.0,1907.0,Low
12,60657,44233.0,0.0016,33354.0,0.3589,44691.0,0.825,0.1789,0.228,0.8042,0.2211,43395.0,33459.0,379.0,44233.0,0.6904,0.1527,0.1025,0.1775,0.4964,0.5384,0.825,0.5278,0.5367,0.813,0.2211,0.4921,0.5027,33354.0,44691.0,0.8042,0.4695,0.2245,43395.0,0.7859,60080.0,0.1789,0.4936,0.228,33459.0,0.301,379.0,0.836,0.4659,0.3589,0.793,0.8791,0.0016,0.9037,1858.0,0.1998,84.7,56619.0,0.874,959.7,0.0591,21637.0,0.09,0.0182,0.0481,2683.0,0.1462,0.0434,169535.0,130885.0,0.8631,151717.0,23.647162340519138,113838.34672127222,977.0,6895.0,872.0,13488.0,678.0,772.0,1408.0,2649.0,5619.0,443.0,4893.0,125.0,2387.0,0.0,249.0,8153.0,8812.0,6597.0,3483.0,9107.0,538.0,639.0,892.0,Low
13,60607,24614.0,0.0407,20253.0,0.2541,35479.0,0.771,0.0845,0.1255,0.6913,0.0874,25166.0,20234.0,293.0,24614.0,0.261,0.0508,0.059,0.165,0.3672,0.3712,0.771,0.3715,0.3973,0.6944,0.0874,0.3201,0.3537,20253.0,35479.0,0.6913,0.3396,0.0624,25166.0,0.5322,36435.0,0.0845,0.2373,0.1255,20234.0,0.1704,293.0,0.7099,0.713,0.2541,0.7599,0.7122,0.0407,0.7303,1381.0,0.598,75.7,9068.0,0.7422,967.0,0.1243,18286.0,0.1887,0.2658,-0.0764,1664.0,0.5702,0.0858,88258.0,63036.0,0.6978,70362.0,26.49786914013537,105014.01183411537,748.0,2084.0,206.0,5598.0,194.0,411.0,568.0,844.0,1299.0,231.0,1291.0,0.0,994.0,0.0,10.0,1100.0,2031.0,2871.0,2586.0,3715.0,116.0,233.0,616.0,Low
14,60620,32930.0,0.0366,25115.0,0.2742,39472.0,0.7629,0.1061,0.1374,0.8166,0.2657,34477.0,26490.0,1167.0,32930.0,0.4962,0.1567,0.0896,0.2001,0.4605,0.4657,0.7629,0.5815,0.4602,0.7336,0.2657,0.4356,0.4356,25115.0,39472.0,0.8166,0.4249,0.2869,34477.0,0.6354,52375.0,0.1061,0.3978,0.1374,26490.0,0.2477,1167.0,0.7431,0.5579,0.2742,0.7812,0.7867,0.0366,0.8605,1080.0,0.9422,73.3,66212.0,0.6427,1298.0,0.1091,3838.0,0.0884,0.1897,0.0072,3427.0,0.3549,0.0977,70106.0,53869.0,0.1812,63667.0,35.824059353471114,49220.67620674925,2011.0,3870.0,1739.0,1676.0,1512.0,1543.0,2606.0,3523.0,4173.0,845.0,2652.0,417.0,4411.0,252.0,1366.0,7671.0,4636.0,1773.0,297.0,343.0,1932.0,3943.0,3630.0,High
15,60621,18128.0,0.0632,16753.0,0.099,27360.0,0.654,0.016,0.0612,0.7328,0.1596,18321.0,16964.0,798.0,18128.0,0.1379,0.0596,0.035,0.0758,0.3199,0.3377,0.654,0.4302,0.3514,0.6406,0.1596,0.281,0.2957,16753.0,27360.0,0.7328,0.2822,0.154,18321.0,0.2772,24945.0,0.016,0.1399,0.0612,16964.0,0.1051,798.0,0.6289,0.9105,0.099,0.6457,0.6441,0.0632,0.8602,969.0,0.9939,62.1,26688.0,0.5478,15.87,0.0116,11754.0,0.1142,0.5646,-0.2213,1481.0,0.8808,0.5495,34265.0,20526.0,0.0453,22559.0,41.40583554376658,33458.29964646029,1647.0,625.0,1304.0,269.0,749.0,674.0,1237.0,1225.0,1686.0,541.0,1177.0,464.0,2554.0,28.0,1081.0,3304.0,1199.0,218.0,43.0,209.0,961.0,1809.0,1659.0,High
16,60601,52354.0,0.0024,35302.0,0.4612,49430.0,0.7255,0.3318,0.3409,0.5673,0.1118,51824.0,36588.0,350.0,52354.0,0.7204,0.1595,0.0555,0.2977,0.5462,0.546,0.7255,0.3823,0.5708,0.7611,0.1118,0.5214,0.5079,35302.0,49430.0,0.5673,0.5403,0.1273,51824.0,0.8241,95783.0,0.3318,0.546,0.3409,36588.0,0.4002,350.0,0.7666,0.1996,0.4612,0.8015,0.8203,0.0024,0.8962,2080.0,0.3583,78.5,108676.0,0.698,146504.0,0.2343,30906.0,0.351,0.1054,0.0107,10848.0,0.0,0.051,131557.0,97188.0,0.7762,107882.0,15.630472854640981,134539.9894736842,244.0,2155.0,0.0,3955.0,135.0,95.0,320.0,473.0,680.0,70.0,1125.0,0.0,299.0,0.0,108.0,294.0,1902.0,2090.0,1808.0,2916.0,22.0,0.0,68.0,Low
17,60609,20798.0,0.0682,17180.0,0.1147,44056.0,0.6724,0.0356,0.0751,0.7359,0.1941,22103.0,18584.0,1061.0,20798.0,0.2754,0.0488,0.0343,0.1037,0.3512,0.3629,0.6724,0.4522,0.3649,0.6372,0.1941,0.3174,0.3203,17180.0,44056.0,0.7359,0.32,0.16,22103.0,0.4526,27662.0,0.0356,0.1732,0.0751,18584.0,0.1127,1061.0,0.6077,0.8782,0.1147,0.6217,0.6543,0.0682,0.823,822.0,0.9858,57.6,31072.0,0.5799,65.84,0.0732,8416.0,0.0038,0.4247,-0.0484,2045.0,0.8009,0.4165,37657.0,32849.0,0.0312,25290.0,39.696969696969695,49977.741915515806,1632.0,2729.0,2144.0,2567.0,791.0,1585.0,2255.0,2739.0,3024.0,862.0,2645.0,418.0,3833.0,58.0,1078.0,6154.0,3034.0,1392.0,489.0,559.0,1577.0,3603.0,4524.0,High
18,60643,69028.0,0.0008,40460.0,0.5705,52683.0,0.8006,0.4478,0.3864,0.7738,0.1824,71988.0,41694.0,653.0,69028.0,0.8587,0.1533,0.0666,0.3248,0.5772,0.6374,0.8006,0.865,0.645,0.8493,0.1824,0.6026,0.5526,40460.0,52683.0,0.7738,0.6423,0.149,71988.0,0.9003,100177.0,0.4478,0.8189,0.3864,41694.0,0.5101,653.0,0.8556,0.1054,0.5705,0.885,0.8924,0.0008,0.958,950.0,0.0868,83.0,91216.0,0.7394,878.1,0.0374,5388.0,0.2717,0.0133,-0.0067,2166.0,0.1245,0.0448,121046.0,93011.0,0.638,103692.0,30.465587044534416,69856.50358993425,693.0,3086.0,727.0,4275.0,483.0,777.0,1526.0,1574.0,2341.0,286.0,2429.0,17.0,1794.0,42.0,407.0,4086.0,3309.0,1741.0,1122.0,1410.0,1324.0,2255.0,2338.0,Low
19,60638,59260.0,0.0186,36890.0,0.5762,44779.0,0.7985,0.354,0.3153,0.8396,0.2029,60099.0,38259.0,698.0,59260.0,0.8449,0.2828,0.1568,0.4608,0.5826,0.5997,0.7985,0.7501,0.5981,0.8231,0.2029,0.5927,0.5781,36890.0,44779.0,0.8396,0.6232,0.1424,60099.0,0.8928,77472.0,0.354,0.7671,0.3153,38259.0,0.5295,698.0,0.8234,0.2312,0.5762,0.8905,0.8607,0.0186,0.9529,931.0,0.3376,80.1,65758.0,0.7027,2726.0,0.1649,6194.0,0.139,0.0684,-0.0156,3190.0,0.2394,0.079,80761.0,65057.0,0.1647,76150.0,25.022583559168925,62486.083907227105,534.0,5069.0,359.0,3848.0,783.0,659.0,1251.0,2327.0,3323.0,311.0,2178.0,38.0,1695.0,17.0,382.0,3510.0,3605.0,3132.0,1174.0,562.0,1092.0,4221.0,2553.0,Low
20,60649,26872.0,0.036,23314.0,0.1421,39659.0,0.7311,0.0591,0.1119,0.7265,0.2213,28185.0,24966.0,1227.0,26872.0,0.2672,0.0611,0.0538,0.1103,0.4275,0.4214,0.7311,0.5766,0.4303,0.7431,0.2213,0.3853,0.3839,23314.0,39659.0,0.7265,0.371,0.2456,28185.0,0.4169,41496.0,0.0591,0.196,0.1119,24966.0,0.1346,1227.0,0.7089,0.6893,0.1421,0.7686,0.7408,0.036,0.8503,917.0,0.9911,69.0,61894.0,0.5159,166.7,0.0182,14702.0,0.1348,0.2063,-0.017,3705.0,0.8664,0.1754,54945.0,39698.0,0.2134,42801.0,36.89970250743732,40895.37932930182,2020.0,1989.0,2208.0,1400.0,1300.0,990.0,2674.0,3138.0,5065.0,1259.0,2033.0,347.0,5243.0,189.0,1107.0,8685.0,2982.0,1209.0,335.0,441.0,1078.0,3395.0,4558.0,High
21,60659,49730.0,0.003,32662.0,0.4955,38831.0,0.7214,0.2643,0.2639,0.719,0.2021,47943.0,34568.0,1267.0,49730.0,0.8124,0.2781,0.1885,0.3736,0.4974,0.5177,0.7214,0.6297,0.5247,0.7564,0.2021,0.5218,0.4809,32662.0,38831.0,0.719,0.5345,0.2129,47943.0,0.898,61215.0,0.2643,0.5735,0.2639,34568.0,0.4438,1267.0,0.7412,0.4815,0.4955,0.7571,0.7777,0.003,0.9147,1047.0,0.6045,70.4,63204.0,0.656,1993.0,0.4551,18216.0,0.0822,0.0968,-0.0121,5064.0,0.325,0.1167,82486.0,55727.0,0.4432,61854.0,27.681307456588357,54871.297726270706,456.0,2066.0,483.0,2192.0,535.0,438.0,1322.0,1847.0,2270.0,191.0,1857.0,49.0,1321.0,28.0,261.0,4953.0,2652.0,1167.0,558.0,1000.0,456.0,1117.0,1299.0,Low
22,60651,26135.0,0.04,21933.0,0.1958,38378.0,0.7415,0.0581,0.0991,0.8282,0.2025,28004.0,23380.0,1142.0,26135.0,0.2883,0.1116,0.0773,0.164,0.4072,0.4198,0.7415,0.4403,0.3973,0.7006,0.2025,0.3644,0.3609,21933.0,38378.0,0.8282,0.3528,0.1888,28004.0,0.5347,29805.0,0.0581,0.2532,0.0991,23380.0,0.1766,1142.0,0.6767,0.871,0.1958,0.7506,0.7365,0.04,0.7536,911.0,0.9169,66.6,30052.0,0.6105,3829.0,0.091,12233.0,0.1625,0.2027,-0.0354,2997.0,0.5516,0.0839,45713.0,28310.0,0.3207,42665.0,35.7427194636497,51706.29783183264,1036.0,2306.0,1212.0,1931.0,1077.0,1327.0,2591.0,2765.0,3586.0,685.0,2238.0,80.0,3361.0,0.0,579.0,6836.0,3553.0,2463.0,575.0,342.0,816.0,2908.0,2109.0,High
23,60637,18690.0,0.0957,17258.0,0.0927,32886.0,0.6934,0.0237,0.0785,0.7309,0.1637,20105.0,19157.0,1142.0,18690.0,0.1842,0.076,0.0492,0.0802,0.3595,0.3513,0.6934,0.4222,0.3543,0.6521,0.1637,0.3091,0.3224,17258.0,32886.0,0.7309,0.2959,0.2176,20105.0,0.3606,31193.0,0.0237,0.1182,0.0785,19157.0,0.0831,1142.0,0.6147,0.8416,0.0927,0.7035,0.6407,0.0957,0.8234,828.0,0.9968,64.4,32375.0,0.6041,1048.0,0.019,13746.0,0.063,0.3338,-0.1614,3464.0,1.0,0.2483,45500.0,30464.0,0.1449,25745.0,36.81318681318682,51077.681622737764,2468.0,1828.0,2363.0,2097.0,1290.0,1713.0,1931.0,2662.0,2978.0,901.0,2041.0,443.0,5122.0,118.0,1254.0,6831.0,3801.0,1175.0,743.0,1158.0,1424.0,2489.0,2881.0,High
24,60655,55142.0,0.0021,38436.0,0.4934,46085.0,0.8158,0.3654,0.3638,0.813,0.2432,55322.0,39188.0,879.0,55142.0,0.725,0.1559,0.075,0.3266,0.5396,0.5784,0.8158,0.774,0.6003,0.8257,0.2432,0.5371,0.5091,38436.0,46085.0,0.813,0.5877,0.1858,55322.0,0.8243,83263.0,0.3654,0.7088,0.3638,39188.0,0.448,879.0,0.8191,0.1697,0.4934,0.8444,0.8625,0.0021,0.9007,933.0,0.3612,81.0,75229.0,0.7396,1443.0,0.0143,7836.0,0.1192,0.0341,0.036,3009.0,0.2401,0.0795,94333.0,80691.0,0.453,89848.0,26.366559485530544,81098.64111153407,338.0,2601.0,163.0,3632.0,178.0,82.0,482.0,647.0,1292.0,93.0,1164.0,0.0,554.0,20.0,135.0,1855.0,1829.0,2096.0,1186.0,702.0,235.0,1389.0,1122.0,Low
25,60628,24045.0,0.0326,21868.0,0.1263,34862.0,0.7603,0.0364,0.1072,0.6998,0.2307,25943.0,24165.0,1179.0,24045.0,0.2334,0.0916,0.0732,0.1199,0.3873,0.4011,0.7603,0.617,0.4147,0.7533,0.2307,0.3512,0.3693,21868.0,34862.0,0.6998,0.3567,0.2512,25943.0,0.4155,38996.0,0.0364,0.2174,0.1072,24165.0,0.1206,1179.0,0.7146,0.6917,0.1263,0.7661,0.7505,0.0326,0.8179,1195.0,0.9965,80.7,51596.0,0.5716,539.4,0.0217,7246.0,0.0732,0.3856,-0.0201,3681.0,0.5863,0.196,62616.0,36597.0,0.1837,39625.0,34.95201260564389,46393.62646450724,1872.0,2913.0,1680.0,1824.0,1054.0,1001.0,2492.0,3106.0,3799.0,733.0,2858.0,253.0,3852.0,48.0,851.0,7690.0,3931.0,1130.0,226.0,120.0,1836.0,4381.0,2621.0,High
26,60623,28461.0,0.0194,23486.0,0.2314,33329.0,0.7234,0.0658,0.124,0.7962,0.3143,28475.0,24665.0,1247.0,28461.0,0.519,0.1644,0.1271,0.2183,0.4431,0.4244,0.7234,0.5361,0.4334,0.7145,0.3143,0.4053,0.426,23486.0,33329.0,0.7962,0.3939,0.3068,28475.0,0.7248,37608.0,0.0658,0.216,0.124,24665.0,0.2172,1247.0,0.6917,0.7691,0.2314,0.727,0.719,0.0194,0.7943,828.0,0.963,60.6,43578.0,0.6475,1921.0,0.3197,25291.0,0.1483,0.2596,-0.0662,3212.0,0.3453,0.1628,58790.0,37239.0,0.167,40006.0,41.457319479152964,42836.36120344617,2043.0,2194.0,2006.0,1686.0,1313.0,2356.0,4044.0,3935.0,4175.0,866.0,2346.0,244.0,5089.0,37.0,694.0,7677.0,3753.0,1140.0,271.0,314.0,1676.0,5917.0,5145.0,High
27,60618,41487.0,0.0234,28429.0,0.4261,39292.0,0.7605,0.1869,0.1445,0.8052,0.2176,42830.0,30211.0,991.0,41487.0,0.6417,0.2311,0.1356,0.3484,0.4811,0.4962,0.7605,0.5673,0.4831,0.71,0.2176,0.4787,0.4735,28429.0,39292.0,0.8052,0.4838,0.238,42830.0,0.7979,44907.0,0.1869,0.3861,0.1445,30211.0,0.4101,991.0,0.7192,0.6183,0.4261,0.7647,0.7559,0.0234,0.844,928.0,0.8134,75.6,42437.0,0.6451,2029.0,0.5727,26533.0,0.0405,0.0945,0.033,2786.0,0.1776,0.1208,71742.0,45817.0,0.2015,47755.0,27.334273624823695,79721.1820453225,870.0,6862.0,920.0,11887.0,762.0,1128.0,1880.0,2668.0,4968.0,387.0,4728.0,166.0,2059.0,12.0,308.0,9263.0,7155.0,5112.0,3589.0,6944.0,580.0,1466.0,2267.0,Low
28,60611,50739.0,0.0013,34191.0,0.4391,55406.0,0.6981,0.3709,0.3394,0.5591,0.1167,44737.0,30632.0,270.0,50739.0,0.6698,0.2012,0.0919,0.3241,0.5167,0.5653,0.6981,0.2893,0.5617,0.75,0.1167,0.528,0.4834,34191.0,55406.0,0.5591,0.5513,0.0666,44737.0,0.8195,94870.0,0.3709,0.6318,0.3394,30632.0,0.4006,270.0,0.7974,0.2205,0.4391,0.8443,0.8216,0.0013,0.8505,1837.0,0.3415,76.6,83770.0,0.7749,103297.0,0.2462,45138.0,0.221,0.0616,-0.0147,6229.0,0.4315,0.0589,120962.0,82524.0,0.859,99882.0,23.02867383512545,138038.02585860295,1320.0,3971.0,387.0,10165.0,208.0,320.0,761.0,1106.0,2342.0,361.0,2113.0,0.0,1393.0,0.0,22.0,1769.0,3769.0,4443.0,3208.0,8451.0,60.0,216.0,370.0,Low
29,60631,60902.0,0.0049,39978.0,0.5505,49756.0,0.8095,0.4027,0.382,0.8346,0.2146,61777.0,40344.0,1357.0,60902.0,0.8969,0.1945,0.09,0.3428,0.5773,0.6103,0.8095,0.7436,0.6083,0.8076,0.2146,0.5837,0.5606,39978.0,49756.0,0.8346,0.6001,0.177,61777.0,0.9213,92909.0,0.4027,0.7891,0.382,40344.0,0.4932,1357.0,0.8006,0.1603,0.5505,0.8206,0.8581,0.0049,0.975,1229.0,0.0987,85.8,90338.0,0.6431,1426.0,0.1668,5978.0,0.1274,0.0376,0.0036,5350.0,0.1362,0.0536,111823.0,75642.0,0.4917,91945.0,29.15291529152915,113248.92064449134,364.0,2576.0,301.0,4074.0,423.0,341.0,562.0,807.0,1309.0,170.0,1050.0,0.0,978.0,0.0,62.0,2529.0,1537.0,1429.0,1717.0,2018.0,318.0,1022.0,1252.0,Low
30,60641,49432.0,0.0,35046.0,0.3951,42985.0,0.7465,0.2246,0.2893,0.7279,0.1886,47138.0,34192.0,567.0,49432.0,0.6869,0.1806,0.1136,0.3108,0.5473,0.5227,0.7465,0.6373,0.5422,0.7832,0.1886,0.4857,0.5073,35046.0,42985.0,0.7279,0.513,0.1549,47138.0,0.7606,59888.0,0.2246,0.5437,0.2893,34192.0,0.3586,567.0,0.7878,0.4561,0.3951,0.873,0.8049,0.0,0.9261,924.0,0.4204,78.2,60871.0,0.7033,2287.0,0.2135,9469.0,0.0685,0.0598,0.0607,2405.0,0.2379,0.081,92189.0,61563.0,0.4889,70892.0,29.578139980824545,77482.66892440176,633.0,4369.0,872.0,5420.0,970.0,736.0,1778.0,2815.0,3479.0,444.0,3502.0,107.0,2419.0,0.0,167.0,7181.0,3612.0,3175.0,1941.0,2534.0,640.0,2418.0,3105.0,Low
31,60619,28670.0,0.0428,25064.0,0.1753,40428.0,0.7979,0.0626,0.1082,0.6917,0.2115,29487.0,27102.0,336.0,28670.0,0.2952,0.0741,0.037,0.1212,0.4415,0.3919,0.7979,0.5914,0.4215,0.7505,0.2115,0.354,0.3811,25064.0,40428.0,0.6917,0.3637,0.2129,29487.0,0.512,44110.0,0.0626,0.1865,0.1082,27102.0,0.1265,336.0,0.7245,0.6934,0.1753,0.7789,0.6918,0.0428,0.7841,1015.0,0.9942,79.8,44068.0,0.6378,2230.0,0.1138,12262.0,0.0559,0.117,0.0149,1545.0,0.5167,0.2747,70155.0,47857.0,0.2668,35181.0,35.681334279630946,49237.626181985914,2583.0,3072.0,2872.0,1942.0,1098.0,1699.0,3016.0,3405.0,4580.0,1053.0,2783.0,189.0,6013.0,33.0,813.0,8549.0,3747.0,2017.0,438.0,495.0,1721.0,3803.0,6101.0,High
32,60131,49327.0,0.0035,33588.0,0.5005,41480.0,0.8014,0.235,0.2434,0.8402,0.2296,51429.0,34981.0,1459.0,49327.0,0.7742,0.2493,0.1597,0.38,0.5391,0.5423,0.8014,0.6359,0.5549,0.778,0.2296,0.5504,0.5551,33588.0,41480.0,0.8402,0.548,0.2083,51429.0,0.8613,63050.0,0.235,0.6726,0.2434,34981.0,0.465,1459.0,0.7982,0.3793,0.5005,0.8066,0.8214,0.0035,0.9131,956.0,0.3934,82.3,69220.0,0.7187,3227.0,0.4144,5408.0,0.2475,0.0449,-0.0187,5895.0,0.1532,0.0928,72146.0,60208.0,0.2039,69715.0,50.0,56743.54340444615,146.0,1340.0,163.0,811.0,286.0,180.0,494.0,542.0,981.0,96.0,720.0,16.0,600.0,0.0,84.0,1489.0,1251.0,1079.0,339.0,26.0,164.0,733.0,563.0,High
33,60660,33908.0,0.0256,24877.0,0.3173,43290.0,0.721,0.199,0.1784,0.6664,0.1512,37197.0,27699.0,407.0,33908.0,0.4464,0.1443,0.0789,0.2126,0.4336,0.4457,0.721,0.4172,0.4586,0.7212,0.1512,0.4312,0.3957,24877.0,43290.0,0.6664,0.4345,0.1643,37197.0,0.6811,39269.0,0.199,0.377,0.1784,27699.0,0.2714,407.0,0.6822,0.7883,0.3173,0.7331,0.754,0.0256,0.7653,956.0,0.3943,76.8,45434.0,0.6288,2105.0,0.3276,23523.0,0.0146,0.2638,-0.1211,3599.0,0.0,0.0231,63848.0,42804.0,0.447,34846.0,32.25092250922509,58464.40042240469,945.0,3050.0,1141.0,3454.0,649.0,964.0,1385.0,2719.0,3524.0,476.0,2695.0,323.0,2274.0,150.0,705.0,7077.0,4111.0,2007.0,861.0,1580.0,427.0,1204.0,2731.0,High
34,60632,50712.0,0.0016,35740.0,0.4796,39881.0,0.795,0.2467,0.2956,0.8685,0.2411,52444.0,37128.0,1367.0,50712.0,0.7456,0.2918,0.1962,0.399,0.5639,0.5774,0.795,0.6433,0.575,0.808,0.2411,0.5678,0.584,35740.0,39881.0,0.8685,0.5762,0.2256,52444.0,0.8443,58865.0,0.2467,0.5105,0.2956,37128.0,0.4699,1367.0,0.8169,0.4492,0.4796,0.8294,0.8117,0.0016,0.9013,1129.0,0.7521,80.9,54016.0,0.6584,1439.0,0.3233,16708.0,0.1021,0.1254,0.0166,6399.0,0.3277,0.1591,60484.0,48988.0,0.1012,50642.0,35.92623993217465,56307.265649496534,761.0,3493.0,764.0,2745.0,845.0,2580.0,3512.0,3867.0,4579.0,396.0,3120.0,52.0,2292.0,42.0,348.0,7246.0,4162.0,1599.0,600.0,287.0,1443.0,5436.0,5218.0,High
35,60634,55046.0,0.0047,36162.0,0.5278,43078.0,0.7974,0.3009,0.2939,0.8694,0.1961,56502.0,36567.0,1010.0,55046.0,0.7381,0.245,0.1514,0.3554,0.5597,0.5707,0.7974,0.6361,0.5894,0.7649,0.1961,0.5561,0.5449,36162.0,43078.0,0.8694,0.5765,0.162,56502.0,0.8321,59351.0,0.3009,0.5916,0.2939,36567.0,0.5,1010.0,0.8398,0.4101,0.5278,0.8343,0.8133,0.0047,0.9064,990.0,0.3205,78.4,58339.0,0.7202,2740.0,0.2857,16818.0,0.1259,0.0974,0.0551,4793.0,0.3263,0.0911,72505.0,54375.0,0.2788,60461.0,28.676470588235293,79250.49363879485,553.0,5163.0,872.0,5713.0,997.0,1180.0,1810.0,2731.0,3858.0,465.0,4146.0,99.0,2402.0,110.0,384.0,6057.0,4655.0,4104.0,2700.0,1520.0,823.0,3361.0,3457.0,Low
36,60018,56942.0,0.0131,36344.0,0.562,48171.0,0.7866,0.368,0.2944,0.7926,0.3065,56422.0,36579.0,509.0,56942.0,0.6971,0.1793,0.1005,0.404,0.5923,0.6106,0.7866,0.6001,0.5958,0.7824,0.3065,0.5737,0.5818,36344.0,48171.0,0.7926,0.5931,0.1129,56422.0,0.8012,66148.0,0.368,0.4905,0.2944,36579.0,0.524,509.0,0.804,0.3837,0.562,0.8567,0.8677,0.0131,0.8962,884.0,0.2462,82.9,51759.0,0.6481,10073.0,0.2134,1484.0,0.4148,0.1099,0.0254,2681.0,0.0905,0.0746,61028.0,34727.0,0.1858,48143.0,18.26163301141352,57176.49192093648,332.0,1828.0,189.0,1620.0,317.0,350.0,648.0,1102.0,1876.0,14.0,1448.0,9.0,490.0,93.0,354.0,2636.0,1577.0,1083.0,531.0,598.0,477.0,1012.0,1362.0,Low
37,60645,44556.0,0.0049,30244.0,0.4425,41130.0,0.7315,0.2303,0.2369,0.7615,0.2318,42462.0,30501.0,1214.0,44556.0,0.6742,0.1479,0.0944,0.2909,0.4795,0.5175,0.7315,0.5741,0.5177,0.729,0.2318,0.4806,0.453,30244.0,41130.0,0.7615,0.4969,0.2479,42462.0,0.7949,56732.0,0.2303,0.596,0.2369,30501.0,0.3787,1214.0,0.7558,0.4984,0.4425,0.8025,0.8269,0.0049,0.8784,1003.0,0.6415,66.4,57439.0,0.6676,8637.0,0.4438,22842.0,0.1859,0.3071,0.0794,4340.0,0.3082,0.1246,71799.0,48636.0,0.402,44784.0,27.264653641207815,59605.301459073846,596.0,2955.0,660.0,3052.0,708.0,510.0,1462.0,1718.0,2880.0,230.0,2229.0,58.0,1643.0,0.0,248.0,5761.0,3262.0,2076.0,673.0,1214.0,536.0,1524.0,1490.0,Low
38,60625,43244.0,0.0068,31886.0,0.4187,39959.0,0.7599,0.2128,0.2634,0.8174,0.2358,42491.0,32062.0,1778.0,43244.0,0.6327,0.1892,0.1226,0.2647,0.4839,0.5029,0.7599,0.4783,0.4941,0.7689,0.2358,0.4725,0.4783,31886.0,39959.0,0.8174,0.4698,0.2422,42491.0,0.7711,41308.0,0.2128,0.4533,0.2634,32062.0,0.3528,1778.0,0.7438,0.6884,0.4187,0.7702,0.7855,0.0068,0.8615,1012.0,0.5154,73.8,45623.0,0.7575,1956.0,0.4949,31934.0,0.1001,0.2449,0.0274,7249.0,0.2151,0.088,65914.0,48168.0,0.404,38090.0,30.648038049940546,91361.3042697134,859.0,6033.0,750.0,6962.0,619.0,901.0,2473.0,2984.0,5030.0,386.0,4237.0,94.0,2039.0,11.0,304.0,9372.0,7646.0,3775.0,2233.0,3174.0,394.0,1673.0,2406.0,High
39,60614,42250.0,0.0188,34248.0,0.2951,47646.0,0.7484,0.2803,0.2866,0.8054,0.2526,39829.0,33501.0,133.0,42250.0,0.4695,0.1585,0.0673,0.2149,0.5015,0.4768,0.7484,0.3604,0.5301,0.7611,0.2526,0.4123,0.4626,34248.0,47646.0,0.8054,0.4735,0.2294,39829.0,0.6976,51485.0,0.2803,0.3718,0.2866,33501.0,0.3259,133.0,0.7782,0.533,0.2951,0.7677,0.823,0.0188,0.7742,1050.0,0.2454,81.1,58753.0,0.785,6750.0,0.1687,73361.0,0.0711,0.203,-0.0066,2641.0,0.0,0.0309,64868.0,51719.0,0.6869,43348.0,18.432285603414826,130082.75649325426,1210.0,5533.0,1196.0,15271.0,588.0,460.0,1093.0,1500.0,3007.0,475.0,3735.0,270.0,2531.0,79.0,551.0,3897.0,6387.0,5044.0,3546.0,11996.0,609.0,575.0,1218.0,Low
40,60652,32696.0,0.0282,28354.0,0.1801,43850.0,0.7978,0.0937,0.1883,0.7646,0.2707,34725.0,30209.0,2222.0,32696.0,0.446,0.0946,0.0629,0.1317,0.4652,0.4606,0.7978,0.6826,0.4701,0.779,0.2707,0.4178,0.4194,28354.0,43850.0,0.7646,0.4153,0.273,34725.0,0.5952,60278.0,0.0937,0.5091,0.1883,30209.0,0.1728,2222.0,0.7517,0.4294,0.1801,0.8193,0.7894,0.0282,0.8509,922.0,0.9558,77.6,72381.0,0.6248,995.3,0.0498,11047.0,0.0813,0.0819,0.0264,7125.0,0.6771,0.1585,82548.0,69239.0,0.258,66822.0,34.23988842398884,60528.08903943132,639.0,2914.0,232.0,1801.0,407.0,426.0,1065.0,1221.0,2296.0,392.0,2250.0,18.0,1480.0,37.0,225.0,2731.0,4354.0,1762.0,395.0,300.0,659.0,2173.0,956.0,High
41,60654,36371.0,0.001,28184.0,0.3378,35547.0,0.739,0.1535,0.2528,0.5558,0.123,31015.0,25520.0,159.0,36371.0,0.3982,0.0893,0.0583,0.221,0.391,0.4204,0.739,0.3001,0.4706,0.7312,0.123,0.3895,0.3652,28184.0,35547.0,0.5558,0.4301,0.0777,31015.0,0.688,55586.0,0.1535,0.4222,0.2528,25520.0,0.3149,159.0,0.6774,0.5411,0.3378,0.7066,0.7548,0.001,0.7074,1902.0,0.3652,73.1,58831.0,0.8603,100741.0,0.1893,21692.0,0.3093,0.0767,0.0536,3102.0,0.0,0.0534,118699.0,86711.0,0.8817,91684.0,27.7180783817952,137101.97508247622,655.0,2924.0,87.0,7165.0,225.0,93.0,782.0,548.0,1056.0,0.0,1538.0,13.0,752.0,0.0,44.0,789.0,1347.0,3815.0,2905.0,5162.0,230.0,416.0,89.0,Low
42,60639,39550.0,0.0047,30796.0,0.3419,36444.0,0.7797,0.1616,0.2006,0.8484,0.2945,43042.0,33098.0,1230.0,39550.0,0.5979,0.1979,0.1266,0.2557,0.545,0.5282,0.7797,0.6026,0.5181,0.7799,0.2945,0.4915,0.5088,30796.0,36444.0,0.8484,0.4866,0.3075,43042.0,0.7375,51480.0,0.1616,0.3465,0.2006,33098.0,0.3048,1230.0,0.7779,0.5484,0.3419,0.8571,0.832,0.0047,0.8604,960.0,0.8303,74.4,53769.0,0.7135,889.9,0.3444,19181.0,0.1003,0.1004,-0.0333,4354.0,0.2887,0.0865,67602.0,47549.0,0.2048,44619.0,33.45631067961165,56059.68216152447,1213.0,3668.0,1332.0,2859.0,1151.0,1065.0,3048.0,3521.0,4405.0,865.0,3474.0,162.0,3599.0,25.0,501.0,8832.0,4497.0,2760.0,1421.0,701.0,643.0,2695.0,4010.0,High
43,60640,37948.0,0.053,26595.0,0.3893,43812.0,0.5671,0.2769,0.2425,0.6367,0.1419,41900.0,25807.0,184.0,37948.0,0.3808,0.1005,0.0558,0.2384,0.4749,0.4418,0.5671,0.5733,0.4647,0.6044,0.1419,0.3966,0.3956,26595.0,43812.0,0.6367,0.4485,0.1063,41900.0,0.6996,51964.0,0.2769,0.6086,0.2425,25807.0,0.3588,184.0,0.6646,0.6223,0.3893,0.6983,0.6678,0.053,0.6819,1057.0,0.4331,79.1,45434.0,0.6396,76000.0,0.4389,543333.0,0.0165,0.0986,-0.197,1630.0,0.5,0.0838,81321.0,64837.0,0.7101,55929.0,28.417910447761198,66324.30375545178,1529.0,5303.0,2412.0,6909.0,1619.0,1506.0,2265.0,3298.0,6356.0,1149.0,4783.0,863.0,4784.0,101.0,1744.0,9768.0,7887.0,4566.0,2358.0,2988.0,1757.0,2820.0,2733.0,Low
44,60642,35061.0,0.0118,29092.0,0.2707,40423.0,0.7845,0.1484,0.1897,0.802,0.1674,33207.0,28153.0,342.0,35061.0,0.4868,0.125,0.0879,0.1874,0.4085,0.4207,0.7845,0.3401,0.4428,0.7267,0.1674,0.3878,0.3887,29092.0,40423.0,0.802,0.415,0.1759,33207.0,0.6631,47563.0,0.1484,0.3645,0.1897,28153.0,0.2557,342.0,0.7155,0.6576,0.2707,0.7085,0.7331,0.0118,0.8232,1772.0,0.3554,74.6,46553.0,0.8186,10817.0,0.1091,4487.0,0.1399,0.1266,0.0562,3244.0,0.1111,0.0544,126102.0,86813.0,0.7786,117408.0,20.198463508322664,99749.99309948247,290.0,1568.0,198.0,5083.0,146.0,179.0,443.0,358.0,1092.0,95.0,1592.0,11.0,508.0,90.0,164.0,1446.0,1822.0,2125.0,1789.0,3136.0,126.0,191.0,232.0,Low
45,60827,20173.0,0.0305,17884.0,0.1046,31433.0,0.7212,0.0345,0.0629,0.6461,0.1179,20738.0,18749.0,2344.0,20173.0,0.1035,0.0651,0.0513,0.0943,0.3426,0.351,0.7212,0.4151,0.3615,0.6808,0.1179,0.2934,0.3165,17884.0,31433.0,0.6461,0.3083,0.1996,20738.0,0.26,22941.0,0.0345,0.1684,0.0629,18749.0,0.0932,2344.0,0.6769,0.9104,0.1046,0.6825,0.7082,0.0305,0.8434,386.0,0.9917,67.0,11612.0,0.5283,169.8,0.0327,2603.0,0.164,0.6543,-0.0637,3373.0,0.8951,0.4337,27270.0,13277.0,0.0586,14375.0,34.82142857142857,40854.7633484925,1358.0,867.0,518.0,331.0,545.0,483.0,1152.0,1129.0,1470.0,532.0,962.0,192.0,1928.0,91.0,949.0,3058.0,1325.0,401.0,31.0,69.0,738.0,1102.0,1460.0,High
46,60707,45876.0,0.0,33321.0,0.4803,34260.0,0.8036,0.1996,0.2244,0.8897,0.2491,47297.0,33970.0,335.0,45876.0,0.7531,0.299,0.1694,0.3918,0.5696,0.5491,0.8036,0.4993,0.5275,0.7734,0.2491,0.5312,0.5472,33321.0,34260.0,0.8897,0.5143,0.2634,47297.0,0.837,51961.0,0.1996,0.7053,0.2244,33970.0,0.397,335.0,0.7915,0.5735,0.4803,0.852,0.8251,0.0,0.9166,815.0,0.3596,80.8,56405.0,0.7253,540.3,0.3086,13815.0,0.0954,0.0905,-0.0627,1713.0,0.2029,0.0789,70275.0,57586.0,0.2146,59605.0,27.95081967213115,58544.68602178423,625.0,2651.0,563.0,3420.0,417.0,475.0,1149.0,1978.0,2232.0,286.0,1971.0,59.0,1454.0,15.0,200.0,3887.0,2966.0,2507.0,1388.0,811.0,567.0,1406.0,1907.0,Low
47,60646,54878.0,0.0014,36789.0,0.5056,42729.0,0.8102,0.3094,0.3408,0.8009,0.2445,54857.0,37100.0,1168.0,54878.0,0.8073,0.1954,0.1029,0.3684,0.5472,0.5776,0.8102,0.7333,0.5812,0.7988,0.2445,0.5563,0.5299,36789.0,42729.0,0.8009,0.5778,0.2256,54857.0,0.8749,76821.0,0.3094,0.7485,0.3408,37100.0,0.4637,1168.0,0.8065,0.2432,0.5056,0.8414,0.8481,0.0014,0.9324,940.0,0.2682,74.3,63540.0,0.6838,1692.0,0.1905,7359.0,0.147,0.1065,-0.016,5254.0,0.0315,0.0917,81510.0,59519.0,0.3324,52479.0,20.822622107969153,90857.44345616264,200.0,1992.0,300.0,3999.0,332.0,348.0,330.0,1000.0,839.0,110.0,1356.0,211.0,603.0,61.0,269.0,2244.0,1211.0,1316.0,1165.0,2432.0,319.0,785.0,983.0,Low
48,60622,19941.0,0.049,18346.0,0.0801,28123.0,0.7228,0.0345,0.0836,0.7491,0.1935,21539.0,19991.0,914.0,19941.0,0.172,0.0515,0.0342,0.0485,0.3818,0.3603,0.7228,0.4489,0.3648,0.6757,0.1935,0.3063,0.3318,18346.0,28123.0,0.7491,0.298,0.2462,21539.0,0.4181,29205.0,0.0345,0.1391,0.0836,19991.0,0.0843,914.0,0.6695,0.8892,0.0801,0.7327,0.7008,0.049,0.754,861.0,0.9625,60.1,22159.0,0.4168,2319.0,0.0581,5057.0,0.132,0.3378,-0.0465,2397.0,0.7969,0.1303,36489.0,17112.0,0.1249,25991.0,26.14864864864865,103918.47939929263,572.0,3980.0,668.0,10271.0,508.0,483.0,737.0,1334.0,2938.0,405.0,3192.0,185.0,1522.0,67.0,434.0,3209.0,5033.0,4250.0,2968.0,6936.0,493.0,678.0,770.0,Low
49,60626,30193.0,0.0244,25013.0,0.2421,38772.0,0.7534,0.092,0.1355,0.7797,0.1858,30048.0,25233.0,1981.0,30193.0,0.4032,0.1423,0.1034,0.2074,0.4568,0.442,0.7534,0.4463,0.4445,0.7469,0.1858,0.4021,0.4135,25013.0,38772.0,0.7797,0.4007,0.1889,30048.0,0.6218,36732.0,0.092,0.318,0.1355,25233.0,0.2201,1981.0,0.7295,0.7849,0.2421,0.8084,0.7447,0.0244,0.7816,905.0,0.6797,71.9,45776.0,0.7925,8855.0,0.3156,19627.0,0.1215,0.2349,-0.0026,5005.0,0.3673,0.0807,62428.0,45333.0,0.415,42253.0,33.99129172714078,50135.391450595656,1012.0,2915.0,1602.0,2578.0,1015.0,1151.0,1977.0,3411.0,3923.0,521.0,3355.0,595.0,2943.0,102.0,879.0,8503.0,4874.0,1816.0,856.0,761.0,609.0,1742.0,3007.0,High
50,60106,46616.0,0.0057,31370.0,0.5169,38558.0,0.7777,0.2465,0.2432,0.7816,0.1495,49738.0,33432.0,1325.0,46616.0,0.7504,0.2938,0.2044,0.4128,0.5394,0.5521,0.7777,0.6015,0.5317,0.7747,0.1495,0.5452,0.536,31370.0,38558.0,0.7816,0.5359,0.2399,49738.0,0.8921,53747.0,0.2465,0.5929,0.2432,33432.0,0.4909,1325.0,0.7808,0.4909,0.5169,0.8408,0.8518,0.0057,0.8584,703.0,0.5626,86.5,67467.0,0.6387,1724.0,0.2718,2458.0,0.2223,0.155,-0.062,2382.0,0.3959,0.1495,56790.0,42097.0,0.1436,37887.0,17.647058823529413,57616.444195015254,169.0,1318.0,91.0,935.0,259.0,193.0,422.0,767.0,1653.0,75.0,1620.0,31.0,449.0,6.0,110.0,2445.0,1519.0,952.0,362.0,184.0,184.0,628.0,1003.0,Low
51,60612,22740.0,0.0336,20754.0,0.0789,34460.0,0.6995,0.0167,0.0685,0.7656,0.2173,23385.0,21813.0,658.0,22740.0,0.1173,0.0625,0.047,0.0948,0.395,0.3719,0.6995,0.4399,0.3793,0.7302,0.2173,0.3472,0.3598,20754.0,34460.0,0.7656,0.3215,0.1535,23385.0,0.3042,29248.0,0.0167,0.191,0.0685,21813.0,0.0799,658.0,0.6841,0.8819,0.0789,0.7806,0.6993,0.0336,0.8142,459.0,0.8567,73.3,15194.0,0.6235,1500.0,0.0542,12313.0,0.1623,0.4478,0.0025,2561.0,0.5463,0.1862,45787.0,25448.0,0.3496,17161.0,35.52469678326595,65450.84935119006,1047.0,1788.0,1407.0,2766.0,738.0,394.0,1047.0,1115.0,1515.0,766.0,1672.0,446.0,2759.0,76.0,1130.0,3047.0,2961.0,1831.0,811.0,1167.0,848.0,970.0,1098.0,High
52,60629,41087.0,0.0027,30033.0,0.4073,35688.0,0.7733,0.2119,0.2273,0.7884,0.2243,42460.0,31000.0,420.0,41087.0,0.6311,0.2046,0.1306,0.2944,0.5333,0.5214,0.7733,0.605,0.5182,0.7625,0.2243,0.4875,0.5015,30033.0,35688.0,0.7884,0.5061,0.2364,42460.0,0.799,54169.0,0.2119,0.5265,0.2273,31000.0,0.3583,420.0,0.7791,0.5553,0.4073,0.8282,0.825,0.0027,0.8313,804.0,0.8024,74.0,61397.0,0.7182,3714.0,0.2575,13619.0,0.1511,0.1835,0.0124,1716.0,0.4596,0.1699,76827.0,52632.0,0.1692,50162.0,34.80906420478389,56832.548934714236,1185.0,5145.0,1201.0,3176.0,1249.0,3142.0,4464.0,4093.0,5724.0,537.0,3909.0,155.0,3270.0,57.0,841.0,8994.0,6339.0,2485.0,811.0,318.0,1712.0,6496.0,5356.0,High
53,60653,48710.0,0.0148,37463.0,0.4105,46995.0,0.8173,0.265,0.3415,0.4906,0.0473,40828.0,33949.0,483.0,48710.0,0.6597,0.0999,0.0387,0.2176,0.4998,0.4854,0.8173,0.6218,0.5339,0.7531,0.0473,0.4446,0.4339,37463.0,46995.0,0.4906,0.4908,0.0929,40828.0,0.7385,87026.0,0.265,0.4003,0.3415,33949.0,0.31,483.0,0.8139,0.2954,0.4105,0.8377,0.8147,0.0148,0.922,966.0,0.5482,82.1,59863.0,0.7142,696.0,0.1003,14928.0,0.1998,0.1019,-0.0277,1866.0,0.3979,0.1164,123526.0,60375.0,0.7575,79579.0,32.79393691110201,48160.76562346709,1869.0,1629.0,2302.0,2093.0,1106.0,665.0,1622.0,1249.0,1871.0,898.0,1663.0,1020.0,3918.0,183.0,1846.0,3414.0,2545.0,1213.0,869.0,1402.0,2287.0,1717.0,1352.0,High
54,60176,48976.0,0.0083,33746.0,0.4891,42498.0,0.7566,0.2565,0.267,0.8309,0.2654,48735.0,34907.0,1248.0,48976.0,0.6985,0.2373,0.1577,0.3724,0.526,0.5655,0.7566,0.5622,0.5314,0.7438,0.2654,0.5493,0.5361,33746.0,42498.0,0.8309,0.5395,0.2168,48735.0,0.8109,56209.0,0.2565,0.5118,0.267,34907.0,0.4598,1248.0,0.7592,0.4882,0.4891,0.8235,0.8036,0.0083,0.888,915.0,0.3239,72.4,63832.0,0.701,2182.0,0.3659,3684.0,0.2217,0.0604,-0.002,5582.0,0.2683,0.0719,68565.0,48900.0,0.1779,59512.0,31.57894736842105,53479.118310918835,115.0,854.0,123.0,565.0,155.0,241.0,213.0,759.0,647.0,99.0,540.0,0.0,410.0,25.0,81.0,1236.0,1132.0,446.0,204.0,22.0,97.0,510.0,545.0,High
55,60630,51543.4167,0.0076,34373.6667,0.4932,43330.5,0.7776,0.2832,0.28,0.8068,0.2244,52008.5833,35267.5,1081.5833,51543.4167,0.7479,0.2201,0.134,0.3602,0.5367,0.556,0.7776,0.6245,0.5521,0.774,0.2244,0.5374,0.5287,34373.6667,43330.5,0.8068,0.5475,0.1999,52008.5833,0.8467,63408.1667,0.2832,0.6027,0.28,35267.5,0.4561,1081.5833,0.7835,0.4188,0.4932,0.8139,0.8183,0.0076,0.9013,968.3333,0.3881,78.8167,61767.1667,0.6734,2641.85,0.3267,10857.775,0.1568,0.1007,0.0223,4309.75,0.2144,0.0925,75676.25,53235.5,0.3054,57829.5833,28.1743,72794.2763,410.25,3080.0833,451.75,3906.5,503.25,532.6667,1083.5833,1584.25,2427.5833,210.5833,2231.1667,66.6667,1221.75,30.0,204.1667,4466.0,3023.8333,2055.3333,1359.5833,1763.0,415.6667,1320.8333,1636.25,Low
56,60624,33795.7647,0.0209,26406.3529,0.2751,38019.6471,0.7479,0.1356,0.1733,0.7715,0.2063,34237.2941,27061.7647,798.2353,33795.7647,0.4326,0.1425,0.0964,0.2102,0.4502,0.447,0.7479,0.4594,0.4578,0.7369,0.2063,0.4126,0.4248,26406.3529,38019.6471,0.7715,0.4169,0.1941,34237.2941,0.6249,44455.6471,0.1356,0.3519,0.1733,27061.7647,0.2494,798.2353,0.7295,0.6737,0.2751,0.7721,0.7573,0.0209,0.808,1094.2353,0.637,71.8176,44463.7059,0.6895,18001.9529,0.196,20120.5882,0.1481,0.2048,-0.0013,3091.4118,0.3644,0.099,73636.8824,52204.4706,0.4285,56879.2941,29.8062,79963.8557,879.6471,3113.0588,950.4706,5161.5882,688.2353,790.7059,1484.2941,1869.7647,2721.2941,440.1176,2376.7059,145.0,2297.0,38.9412,413.3529,4504.2353,3484.0,2829.5294,1779.5882,2869.9412,639.1176,1722.7647,1924.6471,Low
57,60610,36808.6923,0.0159,28067.0769,0.3015,41843.3846,0.7392,0.1852,0.2115,0.7004,0.1666,35545.9231,27643.2308,386.6154,36808.6923,0.4627,0.1264,0.0761,0.2078,0.4557,0.4583,0.7392,0.3846,0.4759,0.733,0.1666,0.422,0.4286,28067.0769,41843.3846,0.7004,0.4331,0.1535,35545.9231,0.658,57236.7692,0.1852,0.3838,0.2115,27643.2308,0.2665,386.6154,0.7359,0.5537,0.3015,0.7845,0.7749,0.0159,0.8051,1500.0,0.4782,75.1231,46790.8462,0.7248,48711.2846,0.1662,23265.1538,0.2126,0.1697,0.0031,3618.8462,0.263,0.0761,101346.3846,71184.2308,0.6886,85783.3077,25.0204,114278.2247,720.4615,3194.7692,611.6923,6992.4615,414.9231,446.6154,928.3077,1187.6923,2244.6923,310.0769,2184.1538,112.3077,1519.6923,24.5385,309.4615,2963.4615,3576.5385,3362.6923,2258.0769,4740.1538,365.8462,659.7692,724.7692,Low
58,60606,33879.6667,0.0248,26076.0476,0.2569,40198.7619,0.739,0.1481,0.1823,0.7221,0.187,33745.1905,26474.8095,842.8095,33879.6667,0.4151,0.1157,0.0725,0.183,0.4377,0.442,0.739,0.453,0.4577,0.7296,0.187,0.4023,0.4099,26076.0476,40198.7619,0.7221,0.4133,0.1785,33745.1905,0.5995,50189.7143,0.1481,0.3385,0.1823,26474.8095,0.2334,842.8095,0.7247,0.6267,0.2569,0.7569,0.7563,0.0248,0.8155,1231.5238,0.6638,72.1524,47307.5238,0.6676,30145.2305,0.1462,18831.2857,0.1735,0.2408,-0.0073,3568.6667,0.397,0.1299,79679.381,56598.9524,0.4634,66176.5238,29.7893,86621.0655,1011.2381,2702.8571,901.9048,4626.3333,605.8095,730.4762,1327.2857,1649.4762,2403.7143,433.3333,2038.1905,152.3333,2197.7619,47.7619,483.2857,3897.7619,3179.8571,2352.4762,1399.0476,2829.4286,729.5714,1614.6667,1630.2857,Low
59,60602,40100.3,0.0151,28823.0,0.333,42860.9,0.7425,0.2172,0.2359,0.6485,0.1474,39016.0,28427.6,664.0,40100.3,0.4863,0.1231,0.0678,0.2237,0.4617,0.4741,0.7425,0.4491,0.4965,0.7406,0.1474,0.4368,0.4351,28823.0,42860.9,0.6485,0.4599,0.1418,39016.0,0.6541,64921.1,0.2172,0.4268,0.2359,28427.6,0.2923,664.0,0.7461,0.4637,0.333,0.7901,0.7818,0.0151,0.8321,1472.6,0.5498,76.27,55605.0,0.6929,60009.83,0.169,17185.6,0.2447,0.2066,-0.0082,4185.2,0.3085,0.1178,96576.0,68538.5,0.607,83286.3,27.3629,102649.4282,928.9,2338.1,541.7,3859.6,440.4,477.3,1041.3,1261.4,1787.8,310.4,1569.6,96.1,1572.5,44.0,383.3,2677.1,2358.1,2058.5,1374.9,2399.5,625.8,1263.3,1124.5,Low
60,60603,43405.5,0.0141,30780.8333,0.3547,44082.3333,0.7529,0.2451,0.2651,0.6289,0.1352,41529.0,30292.25,620.0,43405.5,0.5307,0.1221,0.0649,0.2246,0.4784,0.485,0.7529,0.4841,0.5075,0.7446,0.1352,0.4458,0.444,30780.8333,44082.3333,0.6289,0.472,0.1317,41529.0,0.6797,70472.4167,0.2451,0.421,0.2651,30292.25,0.306,620.0,0.7556,0.4222,0.3547,0.8,0.7844,0.0141,0.8509,1417.3333,0.531,77.6,57215.3333,0.6904,50189.275,0.1638,16447.0833,0.2491,0.2,-0.0097,3779.8333,0.3102,0.1104,101390.9167,67250.8333,0.6413,82839.9167,28.0301,94644.7298,1085.0,2350.25,747.6667,3675.5,558.3333,522.75,1119.5833,1402.6667,1881.25,421.0833,1654.4167,195.3333,1957.8333,65.0833,552.3333,2998.25,2604.0833,2083.75,1325.75,2258.3333,780.5833,1318.5833,1212.1667,Low
61,60605,36992.6667,0.0268,27341.6111,0.2926,41196.6667,0.7369,0.179,0.2088,0.6726,0.1652,36091.5,27504.0,767.6111,36992.6667,0.4595,0.1168,0.0691,0.198,0.4495,0.451,0.7369,0.4843,0.4704,0.7232,0.1652,0.413,0.4171,27341.6111,41196.6667,0.6726,0.4298,0.1599,36091.5,0.6232,57959.4444,0.179,0.341,0.2088,27504.0,0.2549,767.6111,0.7242,0.5548,0.2926,0.7644,0.7468,0.0268,0.8362,1234.2778,0.682,73.2333,50084.0556,0.6615,33850.5561,0.1575,16133.5556,0.192,0.2474,-0.0355,3395.3889,0.4429,0.1775,83948.4444,56247.9444,0.471,64939.2222,31.3861,79040.3134,1378.6111,2416.8333,1175.6667,3182.3333,726.0,879.0556,1567.3889,1891.1111,2430.3333,538.8889,1899.8333,244.2778,2755.3889,61.8333,684.3333,4271.6111,2879.0556,1869.9444,1070.7778,1743.3333,1009.1667,2058.8889,2141.0556,Low
62,60616,35995.6316,0.0262,27506.1053,0.2776,40970.1579,0.7368,0.1713,0.2064,0.6893,0.17,34624.0,27415.3158,573.6842,35995.6316,0.4482,0.1151,0.0685,0.1867,0.4477,0.4438,0.7368,0.4398,0.4653,0.7214,0.17,0.4051,0.4147,27506.1053,40970.1579,0.6893,0.4201,0.159,34624.0,0.625,55071.6842,0.1713,0.3208,0.2064,27415.3158,0.2455,573.6842,0.7226,0.5868,0.2776,0.7593,0.7442,0.0262,0.8232,1295.0526,0.6252,73.0526,46323.9474,0.6813,33093.1795,0.1623,20430.7368,0.1818,0.2286,-0.0264,3262.9474,0.4007,0.151,88042.8947,59351.8947,0.5378,68588.0,29.0967,91023.184,1209.3158,2764.7895,1096.7895,5055.5263,638.5263,753.0,1324.4737,1666.5263,2428.1053,499.3684,2125.2632,239.7368,2490.4737,52.2105,593.3158,3901.8947,3349.3158,2550.5789,1589.2105,3251.5789,786.7895,1496.4211,1721.0526,Low
63,60636,37389.9231,0.0314,27792.4615,0.2948,39924.5385,0.7556,0.1623,0.1926,0.7497,0.2154,38194.7692,29234.9231,1054.3077,37389.9231,0.4971,0.1486,0.0927,0.2185,0.4751,0.4711,0.7556,0.5844,0.4742,0.7398,0.2154,0.4375,0.4456,27792.4615,39924.5385,0.7497,0.443,0.2097,38194.7692,0.6325,53297.9231,0.1623,0.3621,0.1926,29234.9231,0.2697,1054.3077,0.7325,0.5675,0.2948,0.7834,0.7573,0.0314,0.8645,965.6923,0.8059,73.8077,53224.2308,0.628,1292.1469,0.1395,11111.0,0.12,0.2186,-0.0264,3593.7692,0.5456,0.1955,67754.3846,47873.9231,0.2162,49008.1538,35.1085,51620.3858,1532.5385,3231.4615,1537.9231,2353.8462,1079.6923,1435.0769,2440.0,2951.0,3774.7692,770.8462,2652.6154,266.2308,3717.9231,95.0,871.0769,6707.0769,3960.3846,1852.0769,636.5385,563.7692,1391.2308,3642.6154,3713.9231,Low
